SetNumber,PartID,Quantity,Colour,Category,DesignID,PartName,ImageURL,SetCount
"10221-1",9339,1,"Black","Figure Parts",73200,"MINI BODY LOWER PART BLACK","https://www.lego.com/cdn/product-assets/element.img.lod5photo.192x192/9339.jpg",928
"10221-1",74011,6,"Black","Functional Elements",73983,"HINGEPLATE  1X2 UN./OV.BLACK","https://www.lego.com/cdn/product-assets/element.img.lod5photo.192x192/74011.jpg",100
"10221-1",241226,8,"Black","Plates",2412,"RADIATOR GRILLE 1X2","https://www.lego.com/cdn/product-assets/element.img.lod5photo.192x192/241226.jpg",805
"10221-1",243126,2,"Black","Plates",2431,"FLAT TILE 1X4","https://www.lego.com/cdn/product-assets/element.img.lod5photo.192x192/243126.jpg",748
"10221-1",244526,26,"Black","Plates",2445,"PLATE 2X12","https://www.lego.com/cdn/product-assets/element.img.lod5photo.192x192/244526.jpg",312
"10221-1",301026,4,"Black","Bricks",3010,"BRICK 1X4","https://www.lego.com/cdn/product-assets/element.img.lod5photo.192x192/301026.jpg",613
"10221-1",302126,10,"Black","Plates",3021,"PLATE 2X3","https://www.lego.com/cdn/product-assets/element.img.lod5photo.192x192/302126.jpg",948
"10221-1",302326,8,"Black","Plates",3023,"PLATE 1X2","https://www.lego.com/cdn/product-assets/element.img.lod5photo.192x192/302326.jpg",1480
"10221-1",303226,2,"Black","Plates",3032,"PLATE 4X6","https://www.lego.com/cdn/product-assets/element.img.lod5photo.192x192/303226.jpg",401
"10221-1",306926,6,"Black","Plates",3069,"FLAT TILE 1X2","https://www.lego.com/cdn/product-assets/element.img.lod5photo.192x192/306926.jpg",732
"10221-1",317626,8,"Black","Plates, Special",3176,"COUPLING PLATE 2X2","https://www.lego.com/cdn/product-assets/element.img.lod5photo.192x192/317626.jpg",190
"10221-1",366626,8,"Black","Plates",3666,"PLATE 1X6","https://www.lego.com/cdn/product-assets/element.img.lod5photo.192x192/366626.jpg",860
"10221-1",370026,8,"Black","Bricks, Special Ø4.85 Hole And Connecting Bush",3700,"TECHNIC BRICK 1X2, Ø4.9","https://www.lego.com/cdn/product-assets/element.img.lod5photo.192x192/370026.jpg",459
"10221-1",370126,8,"Black","Bricks, Special Ø4.85 Hole And Connecting Bush",3701,"TECHNIC BRICK 1X4, Ø4,9","https://www.lego.com/cdn/product-assets/element.img.lod5photo.192x192/370126.jpg",300
"10221-1",371026,8,"Black","Plates",3710,"PLATE 1X4","https://www.lego.com/cdn/product-assets/element.img.lod5photo.192x192/371026.jpg",1203
"10221-1",383226,14,"Black","Plates",3832,"PLATE 2X10","https://www.lego.com/cdn/product-assets/element.img.lod5photo.192x192/383226.jpg",378
"10221-1",389426,12,"Black","Bricks, Special Ø4.85 Hole And Connecting Bush",3894,"BRICK 1X6, Ø4,9","https://www.lego.com/cdn/product-assets/element.img.lod5photo.192x192/389426.jpg",210
"10221-1",393726,2,"Black","Functional Elements",3937,"ROCKER BEARING 1X2","https://www.lego.com/cdn/product-assets/element.img.lod5photo.192x192/393726.jpg",333
"10221-1",416226,2,"Black","Plates",4162,"FLAT TILE 1X8","https://www.lego.com/cdn/product-assets/element.img.lod5photo.192x192/416226.jpg",362
"10221-1",428726,24,"Black","Bricks, With Slope",4287,"ROOF TILE 1X3/25° INV.","https://www.lego.com/cdn/product-assets/element.img.lod5photo.192x192/428726.jpg",136
"10221-1",663626,2,"Black","Plates",6636,"FLAT TILE 1X6","https://www.lego.com/cdn/product-assets/element.img.lod5photo.192x192/663626.jpg",455
"10221-1",3200126,51,"Black","Plates, Special",32001,"1PLATE 2X6 W. HOLES","https://www.lego.com/cdn/product-assets/element.img.lod5photo.192x192/3200126.jpg",148
"10221-1",4107558,8,"Black","Bricks, Special Ø4.85 Hole And Connecting Bush",32018,"TECHNIC BRICK 1X14, Ø4,9","https://www.lego.com/cdn/product-assets/element.img.lod5photo.192x192/4107558.jpg",144
"10221-1",4124171,1,"Black","Textiles",22231,"BLACK CAPE","https://www.lego.com/cdn/product-assets/element.img.lod5photo.192x192/4124171.jpg",82
"10221-1",4124172,1,"Black","Figure, Head Clothing",30368,"DARTH VADER HELMET","https://www.lego.com/cdn/product-assets/element.img.lod5photo.192x192/4124172.jpg",21
"10221-1",4160393,8,"Black","Bricks With Bows And Arches",42022,"BRICK 1X6 W/BOW","https://www.lego.com/cdn/product-assets/element.img.lod5photo.192x192/4160393.jpg",70
"10221-1",4181144,1,"Black","Bricks",44237,"BRICK 2X6","https://www.lego.com/cdn/product-assets/element.img.lod5photo.192x192/4181144.jpg",226
"10221-1",4251161,8,"Black","Bricks With Bows And Arches",50950,"Brick w/bow 1/3","https://www.lego.com/cdn/product-assets/element.img.lod5photo.192x192/4251161.jpg",203
"10221-1",4253815,37,"Black","Bricks, Special",52107,"BRICK 1X2 W. FOUR KNOBS","https://www.lego.com/cdn/product-assets/element.img.lod5photo.192x192/4253815.jpg",173
"10221-1",4286009,2,"Black","Plates, Special",4510,"PLATE 1X8 WITH RAIL","https://www.lego.com/cdn/product-assets/element.img.lod5photo.192x192/4286009.jpg",66
"10221-1",4498712,3,"Black","Figure, Weapons",57899,"Blaster, Rifle","https://www.lego.com/cdn/product-assets/element.img.lod5photo.192x192/4498712.jpg",84
"10221-1",4498713,1,"Black","Figure, Weapons",58247,"Blaster Medium","https://www.lego.com/cdn/product-assets/element.img.lod5photo.192x192/4498713.jpg",189
"10221-1",4548726,1,"Black","Figure Parts",76382,"MINI UPPER PART 'NO.1469'","https://www.lego.com/cdn/product-assets/element.img.lod5photo.192x192/4548726.jpg",6
"10221-1",4556158,4,"Black","Plates, Special",60470,"PLATE 1X2 W/HOLDER, VERTICAL","https://www.lego.com/cdn/product-assets/element.img.lod5photo.192x192/4556158.jpg",270
"10221-1",4584332,4,"Black","Bricks With Slope, Special",30382,"ROOF TILE 2X16X1, 11°","https://www.lego.com/cdn/product-assets/element.img.lod5photo.192x192/4584332.jpg",5
"10221-1",4598528,2,"Black","Plates, Special",92280,"PLATE 1X2 W. VERTICAL GRIP","https://www.lego.com/cdn/product-assets/element.img.lod5photo.192x192/4598528.jpg",269
"10221-1",4603646,1,"Black","Plates",90498,"FLAT TILE 8X16","https://www.lego.com/cdn/product-assets/element.img.lod5photo.192x192/4603646.jpg",31
"10221-1",6037664,8,"Black","Bricks With Bows And Arches",13731,"BRICK WITH BOW 1x10","https://www.lego.com/cdn/product-assets/element.img.lod5photo.192x192/6037664.jpg",48
"10221-1",6061032,7,"Black","Plates, Special",10247,"PLATE 2X2 + ONE HULE Ø4,8","https://www.lego.com/cdn/product-assets/element.img.lod5photo.192x192/6061032.jpg",158
"10221-1",370526,7,"Black","Connectors",3705,"CROSS AXLE 4M","https://www.lego.com/cdn/product-assets/element.img.lod5photo.192x192/370526.jpg",1166
"10221-1",4121715,128,"Black","Connectors",2780,"CONNECTOR PEG W. FRICTION","https://www.lego.com/cdn/product-assets/element.img.lod5photo.192x192/4121715.jpg",2210
"10221-1",4542573,8,"Black","Beams",64871,"TECHNIC 15M BEAM","https://www.lego.com/cdn/product-assets/element.img.lod5photo.192x192/4542573.jpg",181
"10221-1",4114324,41,"Brick Yellow","Plates",3460,"PLATE 1X8","https://www.lego.com/cdn/product-assets/element.img.lod5photo.192x192/4114324.jpg",158
"10221-1",4243824,3,"Brick Yellow","Plates",3031,"PLATE 4X4","https://www.lego.com/cdn/product-assets/element.img.lod5photo.192x192/4243824.jpg",181
"10221-1",243123,8,"Bright Blue","Plates",2431,"FLAT TILE 1X4","https://www.lego.com/cdn/product-assets/element.img.lod5photo.192x192/243123.jpg",196
"10221-1",403223,10,"Bright Blue","Plates, Special Circles And Angles",4032,"PLATE 2X2 ROUND","https://www.lego.com/cdn/product-assets/element.img.lod5photo.192x192/403223.jpg",156
"10221-1",4119371,22,"Bright Blue","Functional Elements",73983,"HINGE PLATE 1X2  TOP/BOTTOM","https://www.lego.com/cdn/product-assets/element.img.lod5photo.192x192/4119371.jpg",21
"10221-1",4143005,32,"Bright Blue","Connectors",4274,"CONNECTOR PEG W. KNOB","https://www.lego.com/cdn/product-assets/element.img.lod5photo.192x192/4143005.jpg",941
"10221-1",4206482,11,"Bright Blue","Connectors",43093,"CONN.BUSH W.FRIC./CROSSALE","https://www.lego.com/cdn/product-assets/element.img.lod5photo.192x192/4206482.jpg",1686
"10221-1",4509376,6,"Bright Blue","Beams",32523,"TECHNIC 3M BEAM","https://www.lego.com/cdn/product-assets/element.img.lod5photo.192x192/4509376.jpg",53
"10221-1",4514553,30,"Bright Blue","Connectors",6558,"CONNECTOR PEG W. FRICTION 3M","https://www.lego.com/cdn/product-assets/element.img.lod5photo.192x192/4514553.jpg",822
"10221-1",245021,2,"Bright Red","Plates, Special Circles And Angles",2450,"CORNER PLATE 45 DEG. 3X3","https://www.lego.com/cdn/product-assets/element.img.lod5photo.192x192/245021.jpg",54
"10221-1",281721,6,"Bright Red","Plates, Special",2817,"TECHNIC DOUB. BEARING PL. 2X2","https://www.lego.com/cdn/product-assets/element.img.lod5photo.192x192/281721.jpg",78
"10221-1",302021,14,"Bright Red","Plates",3020,"PLATE 2X4","https://www.lego.com/cdn/product-assets/element.img.lod5photo.192x192/302021.jpg",685
"10221-1",302221,16,"Bright Red","Plates",3022,"PLATE 2X2","https://www.lego.com/cdn/product-assets/element.img.lod5photo.192x192/302221.jpg",753
"10221-1",370921,9,"Bright Red","Plates, Special",3709,"PLATE 2X4, 3XØ4.9","https://www.lego.com/cdn/product-assets/element.img.lod5photo.192x192/370921.jpg",69
"10221-1",371021,21,"Bright Red","Plates",3710,"PLATE 1X4","https://www.lego.com/cdn/product-assets/element.img.lod5photo.192x192/371021.jpg",617
"10221-1",373821,2,"Bright Red","Plates, Special",3738,"PLATE 2X8 W. HOLES","https://www.lego.com/cdn/product-assets/element.img.lod5photo.192x192/373821.jpg",26
"10221-1",613421,2,"Bright Red","Functional Elements",6134,"PLATE 2X2 (ROCKING)","https://www.lego.com/cdn/product-assets/element.img.lod5photo.192x192/613421.jpg",107
"10221-1",4597713,24,"Bright Red","Plates, Special",92280,"PLATE 1X2 W. VERTICAL GRIP","https://www.lego.com/cdn/product-assets/element.img.lod5photo.192x192/4597713.jpg",66
"10221-1",4140806,8,"Bright Red","Connectors",32054,"2M FRIC. SNAP W/CROSS HOLE","https://www.lego.com/cdn/product-assets/element.img.lod5photo.192x192/4140806.jpg",262
"10221-1",4142132,8,"Bright Red","Beams",32316,"TECHNIC 5M BEAM","https://www.lego.com/cdn/product-assets/element.img.lod5photo.192x192/4142132.jpg",97
"10221-1",362224,12,"Bright Yellow","Bricks",3622,"BRICK 1X3","https://www.lego.com/cdn/product-assets/element.img.lod5photo.192x192/362224.jpg",237
"10221-1",4257699,6,"Bright Yellow","Bricks, Special Ø4.85 Hole And Connecting Bush",32555,"ANG.BRICK 5X5, Ø4,85","https://www.lego.com/cdn/product-assets/element.img.lod5photo.192x192/4257699.jpg",6
"10221-1",4584273,1,"Bright Yellow","Figure Parts",73200,"MINI LOWER PART W/GREY/YELLOW","https://www.lego.com/cdn/product-assets/element.img.lod5photo.192x192/4584273.jpg",2
"10221-1",4584770,1,"Bright Yellow","Figure Parts",76382,"MINI UPPER PART NO '1618'","https://www.lego.com/cdn/product-assets/element.img.lod5photo.192x192/4584770.jpg",2
"10221-1",6061025,24,"Bright Yellow","Plates, Special",10247,"PLATE 2X2 + ONE HULE Ø4,8","https://www.lego.com/cdn/product-assets/element.img.lod5photo.192x192/6061025.jpg",29
"10221-1",4548731,1,"Cool Silver, Drum Lacquered","Figure, Weapons",86132,"LIGHT SWORD STOCK, DRUM LAC.","https://www.lego.com/cdn/product-assets/element.img.lod5photo.192x192/4548731.jpg",140
"10221-1",4112838,2,"Dark Green","Bricks",3010,"BRICK 1X4","https://www.lego.com/cdn/product-assets/element.img.lod5photo.192x192/4112838.jpg",214
"10221-1",4209014,9,"Dark Stone Grey","Plates, Special Circles And Angles",47398,"RIGHT PLATE W. ANGLE 3X12","https://www.lego.com/cdn/product-assets/element.img.lod5photo.192x192/4209014.jpg",38
"10221-1",4210631,9,"Dark Stone Grey","Plates",2412,"RADIATOR GRILLE 1X2","https://www.lego.com/cdn/product-assets/element.img.lod5photo.192x192/4210631.jpg",662
"10221-1",4210633,104,"Dark Stone Grey","Plates, Special Circles And Angles",6141,"ROUND PLATE 1X1","https://www.lego.com/cdn/product-assets/element.img.lod5photo.192x192/4210633.jpg",466
"10221-1",4210636,18,"Dark Stone Grey","Bricks",2877,"PROFILE BRICK 1X2","https://www.lego.com/cdn/product-assets/element.img.lod5photo.192x192/4210636.jpg",284
"10221-1",4210706,5,"Dark Stone Grey","Plates",3029,"PLATE 4X12","https://www.lego.com/cdn/product-assets/element.img.lod5photo.192x192/4210706.jpg",102
"10221-1",4210725,1,"Dark Stone Grey","Bricks, Special",30414,"BRICK 1X4 W. 4 KNOBS","https://www.lego.com/cdn/product-assets/element.img.lod5photo.192x192/4210725.jpg",235
"10221-1",4210728,14,"Dark Stone Grey","Plates, Special Circles And Angles",30503,"CORNER PLATE 45 DEG. 4X4","https://www.lego.com/cdn/product-assets/element.img.lod5photo.192x192/4210728.jpg",97
"10221-1",4210796,22,"Dark Stone Grey","Plates",4282,"PLATE 2X16","https://www.lego.com/cdn/product-assets/element.img.lod5photo.192x192/4210796.jpg",154
"10221-1",4210900,1,"Dark Stone Grey","Figure Accessories, Upper And Lower Part",30377,"SPACE SKELETON ARM","https://www.lego.com/cdn/product-assets/element.img.lod5photo.192x192/4210900.jpg",38
"10221-1",4210917,16,"Dark Stone Grey","Bricks, Special Ø4.85 Hole And Connecting Bush",3894,"TECHNIC BRICK 1X6, Ø4,9","https://www.lego.com/cdn/product-assets/element.img.lod5photo.192x192/4210917.jpg",149
"10221-1",4210956,2,"Dark Stone Grey","Plates, Special Circles And Angles",30504,"CORNER PLATE 45 DEG. 8X8","https://www.lego.com/cdn/product-assets/element.img.lod5photo.192x192/4210956.jpg",11
"10221-1",4210963,32,"Dark Stone Grey","Bricks, Special Ø4.85 Hole And Connecting Bush",3895,"TECHNIC BRICK 1X12, Ø4,9","https://www.lego.com/cdn/product-assets/element.img.lod5photo.192x192/4210963.jpg",86
"10221-1",4210997,38,"Dark Stone Grey","Plates",3034,"PLATE 2X8","https://www.lego.com/cdn/product-assets/element.img.lod5photo.192x192/4210997.jpg",456
"10221-1",4210998,21,"Dark Stone Grey","Plates",3460,"PLATE 1X8","https://www.lego.com/cdn/product-assets/element.img.lod5photo.192x192/4210998.jpg",390
"10221-1",4211001,49,"Dark Stone Grey","Plates",3710,"PLATE 1X4","https://www.lego.com/cdn/product-assets/element.img.lod5photo.192x192/4211001.jpg",760
"10221-1",4211042,31,"Dark Stone Grey","Plates, Special Circles And Angles",4032,"PLATE 2X2 ROUND","https://www.lego.com/cdn/product-assets/element.img.lod5photo.192x192/4211042.jpg",430
"10221-1",4211061,8,"Dark Stone Grey","Plates",3035,"PLATE 4X8","https://www.lego.com/cdn/product-assets/element.img.lod5photo.192x192/4211061.jpg",253
"10221-1",4211063,14,"Dark Stone Grey","Plates",3023,"PLATE 1X2","https://www.lego.com/cdn/product-assets/element.img.lod5photo.192x192/4211063.jpg",905
"10221-1",4211065,36,"Dark Stone Grey","Plates",3020,"PLATE 2X4","https://www.lego.com/cdn/product-assets/element.img.lod5photo.192x192/4211065.jpg",890
"10221-1",4211069,185,"Dark Stone Grey","Plates, Special",2555,"PLATE 1X1 W. UP RIGHT HOLDER","https://www.lego.com/cdn/product-assets/element.img.lod5photo.192x192/4211069.jpg",187
"10221-1",4211085,31,"Dark Stone Grey","Bricks",3001,"BRICK 2X4","https://www.lego.com/cdn/product-assets/element.img.lod5photo.192x192/4211085.jpg",357
"10221-1",4211099,3,"Dark Stone Grey","Bricks",3008,"BRICK 1X8","https://www.lego.com/cdn/product-assets/element.img.lod5photo.192x192/4211099.jpg",161
"10221-1",4211114,2,"Dark Stone Grey","Plates",3033,"PLATE 6X10","https://www.lego.com/cdn/product-assets/element.img.lod5photo.192x192/4211114.jpg",122
"10221-1",4211115,2,"Dark Stone Grey","Plates",3032,"PLATE 4X6","https://www.lego.com/cdn/product-assets/element.img.lod5photo.192x192/4211115.jpg",378
"10221-1",4211119,23,"Dark Stone Grey","Plates",3794,"PLATE 1X2 W. 1 KNOB","https://www.lego.com/cdn/product-assets/element.img.lod5photo.192x192/4211119.jpg",227
"10221-1",4218696,4,"Dark Stone Grey","Decoration Elements",47457,"PLATES W. BOWS 2X2","https://www.lego.com/cdn/product-assets/element.img.lod5photo.192x192/4218696.jpg",191
"10221-1",4221745,2,"Dark Stone Grey","Bricks, With Slope",4460,"ROOF TILE 1X2X3/73°","https://www.lego.com/cdn/product-assets/element.img.lod5photo.192x192/4221745.jpg",130
"10221-1",4222693,1,"Dark Stone Grey","Figure Parts",73200,"MINI LOWER PART","https://www.lego.com/cdn/product-assets/element.img.lod5photo.192x192/4222693.jpg",250
"10221-1",4234534,2,"Dark Stone Grey","Bricks, With Slope",3678,"ROOF TILE 2X2X2/65 DEG.","https://www.lego.com/cdn/product-assets/element.img.lod5photo.192x192/4234534.jpg",94
"10221-1",4256149,6,"Dark Stone Grey","Plates",3028,"PLATE 6X12","https://www.lego.com/cdn/product-assets/element.img.lod5photo.192x192/4256149.jpg",103
"10221-1",4257526,18,"Dark Stone Grey","Plates",4477,"PLATE 1X10","https://www.lego.com/cdn/product-assets/element.img.lod5photo.192x192/4257526.jpg",227
"10221-1",4272033,1,"Dark Stone Grey","Figure, Head Clothing",30135,"WESTERN CAP","https://www.lego.com/cdn/product-assets/element.img.lod5photo.192x192/4272033.jpg",6
"10221-1",4273814,14,"Dark Stone Grey","Bricks, Special Ø4.85 Hole And Connecting Bush",2743,"WING SECTION, FRONT","https://www.lego.com/cdn/product-assets/element.img.lod5photo.192x192/4273814.jpg",9
"10221-1",4289542,1,"Dark Stone Grey","Connectors",48729,"STICK Ø 3.2 W. HOLDER","https://www.lego.com/cdn/product-assets/element.img.lod5photo.192x192/4289542.jpg",243
"10221-1",4299022,2,"Dark Stone Grey","Plates, Special",4151,"GRID PLATE 8X8","https://www.lego.com/cdn/product-assets/element.img.lod5photo.192x192/4299022.jpg",73
"10221-1",4521187,97,"Dark Stone Grey","Plates, Special",60478,"PLATE 1X2 W/SHAFT Ø3.2","https://www.lego.com/cdn/product-assets/element.img.lod5photo.192x192/4521187.jpg",323
"10221-1",4521512,1,"Dark Stone Grey","Figure Accessories, Upper And Lower Part",30375,"SPACE SKELETON BODY","https://www.lego.com/cdn/product-assets/element.img.lod5photo.192x192/4521512.jpg",57
"10221-1",4529240,1,"Dark Stone Grey","Bricks, Special Circles And Angles",59900,"NOSE CONE SMALL 1X1","https://www.lego.com/cdn/product-assets/element.img.lod5photo.192x192/4529240.jpg",233
"10221-1",4567887,26,"Dark Stone Grey","Bricks, With Slope",85984,"ROOF TILE 1 X 2 X 2/3, ABS","https://www.lego.com/cdn/product-assets/element.img.lod5photo.192x192/4567887.jpg",366
"10221-1",4586562,9,"Dark Stone Grey","Plates, Special Circles And Angles",47397,"LEFT PLATE W. ANGLE 3X12","https://www.lego.com/cdn/product-assets/element.img.lod5photo.192x192/4586562.jpg",37
"10221-1",4595710,10,"Dark Stone Grey","Plates, Special",92099,"PLATE 4X5 W. SHAFT Ø3.2","https://www.lego.com/cdn/product-assets/element.img.lod5photo.192x192/4595710.jpg",117
"10221-1",4632574,1,"Dark Stone Grey","Plates, Special",4081,"LAMP HOLDER","https://www.lego.com/cdn/product-assets/element.img.lod5photo.192x192/4632574.jpg",180
"10221-1",4636701,1,"Dark Stone Grey","Bricks, Special Circles And Angles",97505,"ROUND BRICK 1X1  'IG-88'","https://www.lego.com/cdn/product-assets/element.img.lod5photo.192x192/4636701.jpg",1
"10221-1",6032157,1,"Dark Stone Grey","Figure Parts",76382,"MINI UPPER PART NO 1817","https://www.lego.com/cdn/product-assets/element.img.lod5photo.192x192/6032157.jpg",1
"10221-1",6117972,4,"Dark Stone Grey","Plates, Special",21712,"ANGLE PLATE 1X2 / 2X2","https://www.lego.com/cdn/product-assets/element.img.lod5photo.192x192/6117972.jpg",297
"10221-1",6186621,1,"Dark Stone Grey","Figure Accessories, Upper And Lower Part",30376,"SPACE SKELETON LEG","https://www.lego.com/cdn/product-assets/element.img.lod5photo.192x192/6186621.jpg",14
"10221-1",6186622,1,"Dark Stone Grey","Figure Accessories, Upper And Lower Part",59230,"SPACE  ARM, ANGLED H.","https://www.lego.com/cdn/product-assets/element.img.lod5photo.192x192/6186622.jpg",11
"10221-1",4508553,2,"Dark Stone Grey","Connectors",59426,"CROSS AXLE 5,5  WITH STOP 1M.","https://www.lego.com/cdn/product-assets/element.img.lod5photo.192x192/4508553.jpg",516
"10221-1",4597398,1,"Light Nougat","Figure, Heads And Masks",92863,"MINI HEAD 'NO.721'","https://www.lego.com/cdn/product-assets/element.img.lod5photo.192x192/4597398.jpg",4
"10221-1",4166618,6,"Medium Stone Grey","Plates",41539,"PLATE 8X8","https://www.lego.com/cdn/product-assets/element.img.lod5photo.192x192/4166618.jpg",77
"10221-1",4208988,53,"Medium Stone Grey","Plates, Special Circles And Angles",47397,"LEFT PLATE W. ANGLE 3X12","https://www.lego.com/cdn/product-assets/element.img.lod5photo.192x192/4208988.jpg",55
"10221-1",4209006,53,"Medium Stone Grey","Plates, Special Circles And Angles",47398,"RIGHT PLATE W. ANGLE 3X12","https://www.lego.com/cdn/product-assets/element.img.lod5photo.192x192/4209006.jpg",55
"10221-1",4211350,188,"Medium Stone Grey","Plates",2412,"RADIATOR GRILLE 1X2","https://www.lego.com/cdn/product-assets/element.img.lod5photo.192x192/4211350.jpg",634
"10221-1",4211360,61,"Medium Stone Grey","Plates",2445,"PLATE 2X12","https://www.lego.com/cdn/product-assets/element.img.lod5photo.192x192/4211360.jpg",202
"10221-1",4211386,5,"Medium Stone Grey","Bricks",3002,"BRICK 2X3","https://www.lego.com/cdn/product-assets/element.img.lod5photo.192x192/4211386.jpg",254
"10221-1",4211396,46,"Medium Stone Grey","Plates",3021,"PLATE 2X3","https://www.lego.com/cdn/product-assets/element.img.lod5photo.192x192/4211396.jpg",725
"10221-1",4211400,7,"Medium Stone Grey","Plates",3028,"PLATE 6X12","https://www.lego.com/cdn/product-assets/element.img.lod5photo.192x192/4211400.jpg",79
"10221-1",4211401,23,"Medium Stone Grey","Plates",3029,"PLATE 4X12","https://www.lego.com/cdn/product-assets/element.img.lod5photo.192x192/4211401.jpg",109
"10221-1",4211404,2,"Medium Stone Grey","Plates",3032,"PLATE 4X6","https://www.lego.com/cdn/product-assets/element.img.lod5photo.192x192/4211404.jpg",277
"10221-1",4211406,8,"Medium Stone Grey","Plates",3034,"PLATE 2X8","https://www.lego.com/cdn/product-assets/element.img.lod5photo.192x192/4211406.jpg",416
"10221-1",4211407,3,"Medium Stone Grey","Plates",3035,"PLATE 4X8","https://www.lego.com/cdn/product-assets/element.img.lod5photo.192x192/4211407.jpg",210
"10221-1",4211408,1,"Medium Stone Grey","Plates",3036,"PLATE 6X8","https://www.lego.com/cdn/product-assets/element.img.lod5photo.192x192/4211408.jpg",147
"10221-1",4211410,14,"Medium Stone Grey","Bricks, With Slope",3039,"ROOF TILE 2X2/45°","https://www.lego.com/cdn/product-assets/element.img.lod5photo.192x192/4211410.jpg",266
"10221-1",4211429,35,"Medium Stone Grey","Plates",3623,"PLATE 1X3","https://www.lego.com/cdn/product-assets/element.img.lod5photo.192x192/4211429.jpg",510
"10221-1",4211437,2,"Medium Stone Grey","Bricks, With Slope",3665,"ROOF TILE 1X2 INV.","https://www.lego.com/cdn/product-assets/element.img.lod5photo.192x192/4211437.jpg",267
"10221-1",4211438,53,"Medium Stone Grey","Plates",3666,"PLATE 1X6","https://www.lego.com/cdn/product-assets/element.img.lod5photo.192x192/4211438.jpg",579
"10221-1",4211452,6,"Medium Stone Grey","Plates",3795,"PLATE 2X6","https://www.lego.com/cdn/product-assets/element.img.lod5photo.192x192/4211452.jpg",598
"10221-1",4211464,8,"Medium Stone Grey","Plates, Special",3839,"MINI HANDLE","https://www.lego.com/cdn/product-assets/element.img.lod5photo.192x192/4211464.jpg",118
"10221-1",4211474,1,"Medium Stone Grey","Plates",3958,"PLATE 6X6","https://www.lego.com/cdn/product-assets/element.img.lod5photo.192x192/4211474.jpg",117
"10221-1",4211489,4,"Medium Stone Grey","Bricks, With Slope",4287,"ROOF TILE 1X3/25° INV.","https://www.lego.com/cdn/product-assets/element.img.lod5photo.192x192/4211489.jpg",107
"10221-1",4211520,6,"Medium Stone Grey","Plates, Special Circles And Angles",6106,"CORNER PLATE 6X6X45°","https://www.lego.com/cdn/product-assets/element.img.lod5photo.192x192/4211520.jpg",72
"10221-1",4211526,14,"Medium Stone Grey","Bricks, Special Circles And Angles",6143,"BRICK Ø16 W. CROSS","https://www.lego.com/cdn/product-assets/element.img.lod5photo.192x192/4211526.jpg",206
"10221-1",4211529,2,"Medium Stone Grey","Bricks, Special Ø4.85 Hole And Connecting Bush",6232,"BRICK 2X2 W. SNAP AND CROSS","https://www.lego.com/cdn/product-assets/element.img.lod5photo.192x192/4211529.jpg",72
"10221-1",4211549,49,"Medium Stone Grey","Plates",6636,"FLAT TILE 1X6","https://www.lego.com/cdn/product-assets/element.img.lod5photo.192x192/4211549.jpg",404
"10221-1",4211564,19,"Medium Stone Grey","Bricks",3245,"BRICK 1X2X2","https://www.lego.com/cdn/product-assets/element.img.lod5photo.192x192/4211564.jpg",158
"10221-1",4211570,4,"Medium Stone Grey","Bricks, With Slope",3747,"ROOF TILE 2X3/25° INV.","https://www.lego.com/cdn/product-assets/element.img.lod5photo.192x192/4211570.jpg",176
"10221-1",4211613,64,"Medium Stone Grey","Bricks, Special",2653,"SLIDING PIECE 1X4","https://www.lego.com/cdn/product-assets/element.img.lod5photo.192x192/4211613.jpg",147
"10221-1",4211614,7,"Medium Stone Grey","Bricks, With Slope",3040,"ROOF TILE 1X2/45°","https://www.lego.com/cdn/product-assets/element.img.lod5photo.192x192/4211614.jpg",352
"10221-1",4211632,100,"Medium Stone Grey","Plates, Special",2540,"PLATE 1X2 W. STICK","https://www.lego.com/cdn/product-assets/element.img.lod5photo.192x192/4211632.jpg",270
"10221-1",4211725,2,"Medium Stone Grey","Plates, Special Circles And Angles",32059,"PLATE 4X6 26 DEGREES","https://www.lego.com/cdn/product-assets/element.img.lod5photo.192x192/4211725.jpg",45
"10221-1",4211732,11,"Medium Stone Grey","Plates, Special Circles And Angles",41769,"RIGHT PLATE 2X4 W/ANGLE","https://www.lego.com/cdn/product-assets/element.img.lod5photo.192x192/4211732.jpg",120
"10221-1",4211735,11,"Medium Stone Grey","Plates, Special Circles And Angles",41770,"LEFT PLATE 2X4 W/ANGLE","https://www.lego.com/cdn/product-assets/element.img.lod5photo.192x192/4211735.jpg",119
"10221-1",4211760,1,"Medium Stone Grey","Figure Accessories, Upper And Lower Body",42446,"MINI FIG. BACK PLATE W. KNOB","https://www.lego.com/cdn/product-assets/element.img.lod5photo.192x192/4211760.jpg",57
"10221-1",4211795,2,"Medium Stone Grey","Bricks",44237,"BRICK 2X6","https://www.lego.com/cdn/product-assets/element.img.lod5photo.192x192/4211795.jpg",205
"10221-1",4211836,12,"Medium Stone Grey","Plates",6178,"PLATE 6X12 W. 22 KNOBS","https://www.lego.com/cdn/product-assets/element.img.lod5photo.192x192/4211836.jpg",27
"10221-1",4211847,7,"Medium Stone Grey","Bricks, Special Circles And Angles",30360,"ENGINE 3X3X6","https://www.lego.com/cdn/product-assets/element.img.lod5photo.192x192/4211847.jpg",8
"10221-1",4233493,13,"Medium Stone Grey","Bricks, Special Ø4.85 Hole And Connecting Bush",32064,"BRICK 1X2 WITH CROSS HOLE","https://www.lego.com/cdn/product-assets/element.img.lod5photo.192x192/4233493.jpg",110
"10221-1",4258273,1,"Medium Stone Grey","Plates, Special Circles And Angles",50304,"RIGHT PLATE 3X8 W/ANGLE","https://www.lego.com/cdn/product-assets/element.img.lod5photo.192x192/4258273.jpg",82
"10221-1",4258275,1,"Medium Stone Grey","Plates, Special Circles And Angles",50305,"LEFT PLATE 3X8 W/ANGLE","https://www.lego.com/cdn/product-assets/element.img.lod5photo.192x192/4258275.jpg",81
"10221-1",4261857,1,"Medium Stone Grey","Figure, Heads And Masks",52342,"MINI HEAD NO.'402'","https://www.lego.com/cdn/product-assets/element.img.lod5photo.192x192/4261857.jpg",7
"10221-1",4278273,3,"Medium Stone Grey","Plates, Special Circles And Angles",2654,"SLIDE SHOE ROUND 2X2","https://www.lego.com/cdn/product-assets/element.img.lod5photo.192x192/4278273.jpg",293
"10221-1",4282786,34,"Medium Stone Grey","Plates, Special Circles And Angles",54383,"RIGHT PLATE 3X6 W. ANGLE","https://www.lego.com/cdn/product-assets/element.img.lod5photo.192x192/4282786.jpg",111
"10221-1",4282789,34,"Medium Stone Grey","Plates, Special Circles And Angles",54384,"LEFT PLATE 3X6 W ANGLE","https://www.lego.com/cdn/product-assets/element.img.lod5photo.192x192/4282789.jpg",107
"10221-1",4507056,7,"Medium Stone Grey","Plates, Special Circles And Angles",51739,"PLATE 2X4X18°","https://www.lego.com/cdn/product-assets/element.img.lod5photo.192x192/4507056.jpg",126
"10221-1",4509914,4,"Medium Stone Grey","Bricks, With Slope",4445,"ROOF TILE 2X8/45°","https://www.lego.com/cdn/product-assets/element.img.lod5photo.192x192/4509914.jpg",17
"10221-1",4514846,57,"Medium Stone Grey","Plates",60479,"PLATE 1X12","https://www.lego.com/cdn/product-assets/element.img.lod5photo.192x192/4514846.jpg",177
"10221-1",4515374,2,"Medium Stone Grey","Bricks, With Slope",60481,"ROOF TILE 2X1X2","https://www.lego.com/cdn/product-assets/element.img.lod5photo.192x192/4515374.jpg",125
"10221-1",4521921,1,"Medium Stone Grey","Bricks, With Slope",54200,"ROOF TILE 1X1X2/3, ABS","https://www.lego.com/cdn/product-assets/element.img.lod5photo.192x192/4521921.jpg",467
"10221-1",4558169,26,"Medium Stone Grey","Plates",63864,"FLAT TILE 1x3","https://www.lego.com/cdn/product-assets/element.img.lod5photo.192x192/4558169.jpg",287
"10221-1",4558953,1,"Medium Stone Grey","Bricks, Special",87087,"BRICK 1X1 W. 1 KNOB","https://www.lego.com/cdn/product-assets/element.img.lod5photo.192x192/4558953.jpg",282
"10221-1",4560183,94,"Medium Stone Grey","Plates",87079,"FLAT TILE 2X4","https://www.lego.com/cdn/product-assets/element.img.lod5photo.192x192/4560183.jpg",378
"10221-1",4598522,6,"Medium Stone Grey","Plates",92438,"PLATE 8X16","https://www.lego.com/cdn/product-assets/element.img.lod5photo.192x192/4598522.jpg",39
"10221-1",4599498,31,"Medium Stone Grey","Plates",92593,"PLATE 1X4 W. 2 KNOBS","https://www.lego.com/cdn/product-assets/element.img.lod5photo.192x192/4599498.jpg",179
"10221-1",4645202,1,"Medium Stone Grey","Figure Parts",76382,"MINI UPPER PART NO. '1877'","https://www.lego.com/cdn/product-assets/element.img.lod5photo.192x192/4645202.jpg",1
"10221-1",6066097,96,"Medium Stone Grey","Plates",15573,"PLATE 1X2 W. 1 KNOB","https://www.lego.com/cdn/product-assets/element.img.lod5photo.192x192/6066097.jpg",639
"10221-1",4211639,1,"Medium Stone Grey","Connectors",32073,"CROSS AXLE 5M","https://www.lego.com/cdn/product-assets/element.img.lod5photo.192x192/4211639.jpg",673
"10221-1",4211807,2,"Medium Stone Grey","Connectors",3673,"CONNECTOR PEG","https://www.lego.com/cdn/product-assets/element.img.lod5photo.192x192/4211807.jpg",1024
"10221-1",4514192,2,"Medium Stone Grey","Tubes",60675,"OUTERCABLE 64MM","https://www.lego.com/cdn/product-assets/element.img.lod5photo.192x192/4514192.jpg",17
"10221-1",4216581,2,"Reddish Brown","Plates, Special Circles And Angles",6141,"ROUND PLATE 1X1","https://www.lego.com/cdn/product-assets/element.img.lod5photo.192x192/4216581.jpg",392
"10221-1",4225787,1,"Reddish Brown","Figure Parts",73200,"MINI LOWER PART NO.89, 192/199","https://www.lego.com/cdn/product-assets/element.img.lod5photo.192x192/4225787.jpg",22
"10221-1",4584445,1,"Sand Green","Figure, Heads And Masks",90756,"BOOSK HEAD NO '1'","https://www.lego.com/cdn/product-assets/element.img.lod5photo.192x192/4584445.jpg",2
"10221-1",4528604,93,"Sand Yellow","Plates",3023,"PLATE 1X2","https://www.lego.com/cdn/product-assets/element.img.lod5photo.192x192/4528604.jpg",300
"10221-1",4625146,1,"Silver Metallic","Decoration Elements",49668,"PLATE 1X1 W/TOOTH","https://www.lego.com/cdn/product-assets/element.img.lod5photo.192x192/4625146.jpg",68
"10221-1",6010687,2,"Transparent","Plates, Special",99784,"PLATE 1X2 W. SHAFT 12M","https://www.lego.com/cdn/product-assets/element.img.lod5photo.192x192/6010687.jpg",12
"10221-1",4278409,15,"Transparent Bright Orange","Plates, Special Circles And Angles",54196,"SLIDE SHOE ROUND 2X2","https://www.lego.com/cdn/product-assets/element.img.lod5photo.192x192/4278409.jpg",43
"10221-1",4163917,3,"Transparent Light Blue","Plates, Special Circles And Angles",30057,"ROUND PLATE 1X1 - TR.","https://www.lego.com/cdn/product-assets/element.img.lod5photo.192x192/4163917.jpg",222
"10221-1",4631695,1,"Transparent Light Blue","Bricks, Special Circles And Angles",96993,"ROUND BRICK 1 - TR 'HOLOGRAM'","https://www.lego.com/cdn/product-assets/element.img.lod5photo.192x192/4631695.jpg",2
"10221-1",3005741,8,"Transparent Red","Plates, Special Circles And Angles",30057,"ROUND PLATE 1X1 - TR.","https://www.lego.com/cdn/product-assets/element.img.lod5photo.192x192/3005741.jpg",832
"10221-1",4124108,1,"Transparent Red","Signs, Flags And Poles",30374,"LIGHT SWORD - BLADE","https://www.lego.com/cdn/product-assets/element.img.lod5photo.192x192/4124108.jpg",85
"10221-1",300401,6,"White","Bricks",3004,"BRICK 1X2","https://www.lego.com/cdn/product-assets/element.img.lod5photo.192x192/300401.jpg",1072
"10221-1",303201,2,"White","Plates",3032,"PLATE 4X6","https://www.lego.com/cdn/product-assets/element.img.lod5photo.192x192/303201.jpg",240
"10221-1",383201,5,"White","Plates",3832,"PLATE 2X10","https://www.lego.com/cdn/product-assets/element.img.lod5photo.192x192/383201.jpg",202
"10221-1",611101,2,"White","Bricks",6111,"BRICK 1X10","https://www.lego.com/cdn/product-assets/element.img.lod5photo.192x192/611101.jpg",124
"10221-1",4501853,2,"White","Plates, Special",4510,"PLATE 1X8 WITH RAIL","https://www.lego.com/cdn/product-assets/element.img.lod5photo.192x192/4501853.jpg",62
"10221-1",4631804,1,"White","Figure, Head Clothing",2543,"MINI HEADSQUARE SCARF","https://www.lego.com/cdn/product-assets/element.img.lod5photo.192x192/4631804.jpg",1
"10221-1",4631840,1,"White","Figure, Heads And Masks",97034,"MINI HEAD NO '822'","https://www.lego.com/cdn/product-assets/element.img.lod5photo.192x192/4631840.jpg",1
"10221-1",4658973,1,"White","Bricks, With Slope",72454,"ROOF TILE 4X4/45° INV.","https://www.lego.com/cdn/product-assets/element.img.lod5photo.192x192/4658973.jpg",50
"10221-1",6089574,30,"White","Plates, Special",10201,"ANGLE PLATE 1X2/1X4","https://www.lego.com/cdn/product-assets/element.img.lod5photo.192x192/6089574.jpg",64




